종목코드,종목명
005930,삼성전자
000660,SK하이닉스
005380,현대차
005935,삼성전자우
373220,LG에너지솔루션
402340,SK스퀘어
207940,삼성바이오로직스
000270,기아
034020,두산에너빌리티
329180,HD현대중공업
012450,한화에어로스페이스
028260,삼성물산
105560,KB금융
068270,셀트리온
012330,현대모비스
032830,삼성생명
055550,신한지주
042660,한화오션
010130,고려아연
006800,미래에셋증권
035420,NAVER
267260,HD현대일렉트릭
015760,한국전력
006400,삼성SDI
086790,하나금융지주
009150,삼성전기
005490,POSCO홀딩스
009540,HD한국조선해양
042700,한미반도체
051910,LG화학
034730,SK
035720,카카오
316140,우리금융지주
298040,효성중공업
010140,삼성중공업
064350,현대로템
000810,삼성화재
066570,LG전자
010120,LS ELECTRIC
267250,HD현대
138040,메리츠금융지주
003670,포스코퓨처엠
086280,현대글로비스
096770,SK이노베이션
272210,한화시스템
000150,두산
024110,기업은행
011200,HMM
069500,KODEX 200
033780,KT&G
047810,한국항공우주
000720,현대건설
017670,SK텔레콤
0126Z0,삼성에피스홀딩스
352820,하이브
003550,LG
030200,KT
018260,삼성에스디에스
360750,TIGER 미국S&P500
071050,한국금융지주
307950,현대오토에버
323410,카카오뱅크
005830,DB손해보험
047050,포스코인터내셔널
005940,NH투자증권
039490,키움증권
010950,S-Oil
259960,크래프톤
278470,에이피알
005387,현대차2우B
079550,LIG넥스원
180640,한진칼
003490,대한항공
000880,한화
016360,삼성증권
326030,SK바이오팜
007660,이수페타시스
003230,삼양식품
009830,한화솔루션
377300,카카오페이
161390,한국타이어앤테크놀로지
006260,LS
090430,아모레퍼시픽
000100,유한양행
443060,HD현대마린솔루션
459580,KODEX CD금리액티브(합성)
379800,KODEX 미국S&P500
102110,TIGER 200
133690,TIGER 미국나스닥100
488770,KODEX 머니마켓액티브
229200,KODEX 코스닥150
128940,한미약품
011070,LG이노텍
005385,현대차우
029780,삼성카드
064400,LG씨엔에스
034220,LG디스플레이
396500,TIGER 반도체TOP10
028050,삼성E&A
032640,LG유플러스
454910,두산로보틱스
267270,HD건설기계
001440,대한전선
052690,한전기술
122630,KODEX 레버리지
078930,GS
001040,CJ
278530,KODEX 200TR
241560,두산밥캣
004020,현대제철
138930,BNK금융지주
175330,JB금융지주
022100,포스코DX
021240,코웨이
002380,KCC
379810,KODEX 미국나스닥100
088980,맥쿼리인프라
271560,오리온
233740,KODEX 코스닥150레버리지
411060,ACE KRX금현물
062040,산일전기
450080,에코프로머티
066970,엘앤에프
357870,TIGER CD금리투자KIS(합성)
036570,엔씨소프트
018880,한온시스템
310970,TIGER MSCI Korea TR
251270,넷마블
082740,한화엔진
423160,KODEX KOFR금리액티브(합성)
489790,한화비전
088350,한화생명
111770,영원무역
011790,SKC
103590,일진전기
047040,대우건설
000990,DB하이텍
011170,롯데케미칼
051900,LG생활건강
035250,강원랜드
031210,서울보증보험
011780,금호석유화학
017800,현대엘리베이터
091160,KODEX 반도체
302440,SK바이오사이언스
439260,대한조선
014680,한솔케미칼
273130,KODEX 종합채권(AA-이상)액티브
036460,한국가스공사
381170,TIGER 미국테크TOP10 INDXX
004990,롯데지주
001720,신영증권
381180,TIGER 미국필라델피아반도체나스닥
012510,더존비즈온
004170,신세계
498400,KODEX 200타겟위클리커버드콜
457190,이수스페셜티케미컬
005850,에스엘
009970,영원무역홀딩스
012750,에스원
0043B0,TIGER 머니마켓액티브
360200,ACE 미국S&P500
103140,풍산
148020,RISE 200
009420,한올바이오파마
097950,CJ제일제당
00680K,미래에셋증권2우B
353200,대덕전자
001450,현대해상
023530,롯데쇼핑
481050,KODEX CD1년금리플러스액티브(합성)
000120,CJ대한통운
008930,한미사이언스
000240,한국앤컴퍼니
071970,HD현대마린엔진
139130,iM금융지주
204320,HL만도
458730,TIGER 미국배당다우존스
139480,이마트
010060,OCI홀딩스
004800,효성
028670,팬오션
051600,한전KPS
102780,KODEX 삼성그룹
011210,현대위아
026960,동서
003690,코리안리
383220,F&F
161510,PLUS 고배당주
292150,TIGER 코리아TOP10
367380,ACE 미국나스닥100
278540,KODEX MSCI Korea TR
004370,농심
336260,두산퓨얼셀
081660,미스토홀딩스
395160,KODEX AI반도체
030000,제일기획
005440,현대지에프홀딩스
002790,아모레퍼시픽홀딩스
069960,현대백화점
001430,세아베스틸지주
449170,TIGER KOFR금리액티브(합성)
000155,두산우
023590,다우기술
085620,미래에셋생명
020150,롯데에너지머티리얼즈
232080,TIGER 코스닥150
097230,HJ중공업
003540,대신증권
112610,씨에스윈드
361610,SK아이이테크놀로지
017960,한국카본
455890,RISE 머니마켓액티브
282330,BGF리테일
192820,코스맥스
018670,SK가스
483650,달바글로벌
069620,대웅제약
305720,KODEX 2차전지산업
466920,SOL 조선TOP3플러스
0117L0,KODEX 26-12 금융채(AA-이상)액티브
214980,KODEX 단기채권PLUS
073240,금호타이어
453850,ACE 미국30년국채액티브(H)
375500,DL이앤씨
006280,녹십자
000500,가온전선
006360,GS건설
462870,시프트업
005070,코스모신소재
006040,동원산업
294400,KIWOOM 200TR
008770,호텔신라
003570,SNT다이내믹스
120110,코오롱인더
034230,파라다이스
032350,롯데관광개발
298020,효성티앤씨
007070,GS리테일
161890,한국콜마
003530,한화투자증권
395400,SK리츠
315930,KODEX Top5PlusTR
385540,RISE 종합채권(A-이상)액티브
144600,KODEX 은선물(H)
449450,PLUS K방산
475630,TIGER CD1년금리액티브(합성)
487240,KODEX AI전력핵심설비
030610,교보증권
001120,LX인터내셔널
003240,태광산업
020560,아시아나항공
007310,오뚜기
007340,DN오토모티브
105190,ACE 200
487230,KODEX 미국AI전력핵심인프라
152100,PLUS 200
003090,대웅
0072R0,TIGER KRX금현물
395270,HANARO Fn K-반도체
051915,LG화학우
294870,HDC현대산업개발
001800,오리온홀딩스
305540,TIGER 2차전지테마
012630,HDC
379780,RISE 미국S&P500
229640,LS에코에너지
330590,롯데리츠
007810,코리아써키트
441640,KODEX 미국배당커버드콜액티브
371460,TIGER 차이나전기차SOLACTIVE
284430,KODEX 200미국채혼합
300720,한일시멘트
329200,TIGER 리츠부동산인프라
077970,STX엔진
494310,KODEX 반도체레버리지
004000,롯데정밀화학
610063,메리츠 KIS CD금리투자 ETN
005300,롯데칠성
185750,종근당
0061Z0,RISE 단기특수은행채액티브
477080,RISE CD금리액티브(합성)
000815,삼성화재우
700026,하나 CD금리투자 ETN
001740,SK네트웍스
368590,RISE 미국나스닥100
000080,하이트진로
457480,ACE 테슬라밸류체인액티브
445290,KODEX 로봇액티브
181710,NHN
006650,대한유화
456600,TIME 글로벌AI인공지능액티브
415640,KB발해인프라
249420,일동제약
089860,롯데렌탈
082640,동양생명
252670,KODEX 200선물인버스2X
100090,SK오션플랜트
484870,엠앤씨솔루션
476550,TIGER 미국30년국채커버드콜액티브(H)
285130,SK케미칼
280360,롯데웰푸드
486290,TIGER 미국나스닥100타겟데일리커버드콜
009240,한샘
000670,영풍
322000,HD현대에너지솔루션
436140,SOL 종합채권(AA-이상)액티브
066575,LG전자우
0139F0,TIGER 12월자동연장금융채(AA-이상)액티브
298050,HS효성첨단소재
192080,더블유게임즈
075580,세진중공업
195870,해성디에스
006120,SK디스커버리
00088K,한화3우B
000210,DL
494670,TIGER 조선TOP10
488080,TIGER 반도체TOP10레버리지
071320,지역난방공사
365550,ESR켄달스퀘어리츠
356540,ACE 종합채권(AA-이상)액티브
426030,TIME 미국나스닥100액티브
192400,쿠쿠홀딩스
446770,ACE 글로벌반도체TOP4 Plus
071055,한국금융지주우
003470,유안타증권
494890,KODEX 200액티브
157450,TIGER 단기통안채
137310,에스디바이오센서
036530,SNT홀딩스
057050,현대홈쇼핑
003160,디아이
102970,KODEX 증권
499790,GS피앤엘
281820,케이씨텍
451540,TIGER 종합채권(AA-이상)액티브
030190,NICE평가정보
001510,SK증권
064960,SNT모티브
465580,ACE 미국빅테크TOP7 Plus
760009,키움 CD금리투자 ETN
005690,파미셀
475150,SK이터닉스
317450,명인제약
466940,TIGER 은행고배당플러스TOP10
455850,SOL AI반도체소부장
004490,세방전지
100840,SNT에너지
108320,LX세미콘
462010,TIGER 2차전지소재Fn
010780,아이에스동서
009450,경동나비엔
001270,부국증권
371160,TIGER 차이나항셍테크
226490,KODEX 코스피
481060,KODEX 미국30년국채타겟커버드콜(합성 H)
114800,KODEX 인버스
451800,한화리츠
079160,CJ CGV
469830,SOL 초단기채권액티브
033240,자화전자
438080,ACE 미국S&P500미국채혼합50액티브
462330,KODEX 2차전지산업레버리지
497570,TIGER 미국필라델피아AI반도체나스닥
446720,SOL 미국배당다우존스
002020,코오롱
000370,한화손해보험
475720,RISE 200위클리커버드콜
139260,TIGER 200 IT
248070,솔루엠
448330,KODEX 삼성전자채권혼합
479080,1Q 머니마켓액티브
091230,TIGER 반도체
002350,넥센타이어
079900,전진건설로봇
390390,KODEX 미국반도체
093370,후성
003850,보령
001060,JW중외제약
007700,F&F홀딩스
003620,KG모빌리티
025540,한국단자
434730,HANARO 원자력iSelect
114090,GKL
001500,현대차증권
214320,이노션
472150,TIGER 배당커버드콜액티브
456040,OCI
251600,PLUS 고배당주채권혼합
130660,한전산업
001680,대상
005180,빙그레
069260,TKG휴켐스
550082,N2 KIS CD금리투자 ETN
00104K,CJ4우(전환)
014820,동원시스템즈
000640,동아쏘시오홀딩스
458760,TIGER 미국배당다우존스타겟커버드콜2호
153130,KODEX 단기채권
402970,ACE 미국배당다우존스
005250,녹십자홀딩스
272580,TIGER 단기채권액티브
441800,TIME Korea플러스배당액티브
039130,하나투어
069660,KIWOOM 200
381970,케이카
005090,SGC에너지
463250,TIGER K방산&우주
003545,대신증권우
0120G0,삼양바이오팜
0148J0,TIGER 코리아휴머노이드로봇산업
449180,KODEX 미국S&P500(H)
000400,롯데손해보험
005389,현대차3우B
479520,RISE KOFR금리액티브(합성)
438330,TIGER 우량회사채액티브
017940,E1
005880,대한해운
462900,KoAct 바이오헬스케어액티브
293940,신한알파리츠
383800,LX홀딩스
580058,KB KIS CD금리투자 ETN
058650,세아홀딩스
495850,KODEX 코리아밸류업
293180,HANARO 200
473290,KODEX 26-12 회사채(AA-이상)액티브
138540,TIGER 현대차그룹플러스
458250,TIGER 미국30년국채스트립액티브(합성 H)
002840,미원상사
091180,KODEX 자동차
495050,RISE 코리아밸류업
016610,DB증권
002960,한국쉘석유
364980,TIGER 2차전지TOP10
093050,LF
484790,KODEX 미국30년국채액티브(H)
268280,미원에스씨
444200,SOL 코리아메가테크액티브
005420,코스모화학
008730,율촌화학
447770,TIGER 테슬라채권혼합Fn
090460,비에이치
019170,신풍제약
487340,ACE 머니마켓액티브
950210,프레스티지바이오파마
237350,KODEX 코스피100
094800,맵스리얼티
002240,고려제강
001570,금양
498410,KODEX 금융고배당TOP10타겟위클리커버드콜
455030,KODEX 미국달러SOFR금리액티브(합성)
336370,솔루스첨단소재
314250,KODEX 미국빅테크10(H)
006380,카프로
004690,삼천리
494300,KODEX 미국나스닥100데일리커버드콜OTM
452260,한화갤러리아
016590,신대양제지
385560,RISE KIS국고채30년Enhanced
016380,KG스틸
438100,ACE 미국나스닥100미국채혼합50액티브
002030,아세아
0127P0,ACE 미국대형성장주액티브
006220,제주은행
009900,명신산업
0025N0,TIGER TDF2045
0048J0,KODEX 미국머니마켓액티브
0105E0,SOL 코리아고배당
456610,TIGER 미국달러SOFR금리액티브(합성)
029530,신도리코
178920,PI첨단소재
005810,풍산홀딩스
476800,KODEX 한국부동산리츠인프라
003030,세아제강지주
284740,쿠쿠홈시스
271940,일진하이솔루스
000070,삼양홀딩스
377740,바이오노트
469070,RISE AI&로봇
530031,삼성 레버리지 WTI원유 선물 ETN
105630,한세실업
270810,RISE 코스닥150
760013,키움 레버리지 반도체TOP10 ETN
483280,KODEX 미국AI테크TOP10타겟커버드콜
001820,삼화콘덴서
0131V0,1Q 미국우주항공테크
009410,태영건설
014830,유니드
003000,부광약품
034310,NICE
009155,삼성전기우
090435,아모레퍼시픽우
0052D0,TIGER 코리아배당다우존스
010690,화신
0091P0,TIGER 코리아원자력
192650,드림텍
020000,한섬
482730,TIGER 미국S&P500타겟데일리커버드콜
145990,삼양사
003300,한일홀딩스
006340,대원전선
453340,현대그린푸드
091170,KODEX 은행
0117V0,TIGER 코리아AI전력기기TOP3플러스
145720,덴티움
001200,유진투자증권
105840,우진
471230,KODEX 국고채10년액티브
460860,동국제강
161000,애경케미칼
463050,TIME K바이오액티브
004700,조광피혁
000157,두산2우B
448730,삼성FN리츠
011930,신성이엔지
148070,KIWOOM 국고채10년
251350,KODEX MSCI선진국
026890,스틱인베스트먼트
434060,KODEX TDF2050액티브
017810,풀무원
474220,TIGER 미국테크TOP10타겟커버드콜
114260,KODEX 국고채3년
089590,제주항공
016800,퍼시스
480260,TIGER 27-04회사채(A+이상)액티브
170900,동아에스티
491010,TIGER 글로벌AI전력인프라액티브
132030,KODEX 골드선물(H)
449190,KODEX 미국나스닥100(H)
500029,신한 레버리지 은 선물 ETN(H)
361580,RISE 200TR
005945,NH투자증권우
477050,PLUS 머니마켓액티브
138490,코오롱ENP
490590,RISE 미국AI밸류체인데일리고정커버드콜
329750,TIGER 미국달러단기채권액티브
009290,광동제약
097520,엠씨넥스
001530,DI동일
700028,하나 레버리지 반도체 ETN
006110,삼아알미늄
031430,신세계인터내셔날
454780,KIWOOM 종합채권(AA-이상)액티브
072710,농심홀딩스
183190,아세아시멘트
029460,케이씨
005610,SPC삼립
344820,KCC글라스
060980,HL홀딩스
241180,TIGER 일본니케이225
448290,TIGER 미국S&P500(H)
0007F0,KODEX 27-12 회사채(AA-이상)액티브
015860,일진홀딩스
139230,TIGER 200 중공업
091810,티웨이항공
200880,서연이화
006405,삼성SDI우
357120,코람코라이프인프라리츠
496080,TIGER 코리아밸류업
451000,PLUS 종합채권(AA-이상)액티브
0053L0,TIGER 차이나휴머노이드로봇
037270,YG PLUS
499660,TIGER CD금리플러스액티브(합성)
084010,대한제강
015360,INVENI
277630,TIGER 코스피
0023A0,SOL 미국양자컴퓨팅TOP10
489250,KODEX 미국배당다우존스
002310,아세아제지
003280,흥아해운
123320,TIGER 레버리지
315960,RISE 대형고배당10TR
365780,ACE 국고채10년
018250,애경산업
027410,BGF
478150,TIME 글로벌우주테크&방산액티브
011500,한농화성
008060,대덕
469150,ACE AI반도체포커스
295040,SOL 200TR
453810,KODEX 인도Nifty50
461490,RISE 글로벌자산배분액티브
157500,TIGER 증권
012030,DB
002710,TCC스틸
034830,한국토지신탁
453870,TIGER 인도니프티50
0046A0,TIGER 미국초단기(3개월이하)국채
423920,TIGER 미국필라델피아반도체레버리지(합성)
307520,TIGER 지주회사
442320,RISE 글로벌원자력
126720,수산인더스트리
0122W0,RISE 26-11 회사채(AA-이상)액티브
092200,디아이씨
484880,SOL 금융지주플러스고배당
279530,KODEX 고배당주
194370,제이에스코퍼레이션
0080G0,KODEX 방산TOP10
403550,쏘카
000650,천일고속
002810,삼영무역
439870,KODEX 국고채30년액티브
473330,SOL 미국30년국채커버드콜(합성)
126560,현대퓨처넷
217590,티엠씨
004310,현대약품
0016X0,SOL 중단기회사채(A-이상)액티브
128820,대성산업
490490,SOL 미국배당미국채혼합50
306200,세아제강
442580,PLUS 글로벌HBM반도체
104700,한국철강
001940,KISCO홀딩스
348950,제이알글로벌리츠
005720,넥센
272450,진에어
0060H0,TIGER 토탈월드스탁액티브
007690,국도화학
417310,코람코더원리츠
003520,영진약품
084690,대상홀딩스
025860,남해화학
001390,KG케미칼
011760,현대코퍼레이션
520054,미래에셋 레버리지 코스피200 선물 ETN
123890,한국자산신탁
024720,콜마홀딩스
286940,롯데이노베이트
302450,RISE 코스피
000320,노루홀딩스
471990,KODEX AI반도체핵심장비
437080,KODEX 미국종합채권ESG액티브(H)
466950,TIGER 글로벌AI액티브
441680,TIGER 미국나스닥100커버드콜(합성)
472870,RISE 미국30년국채엔화노출(합성 H)
006805,미래에셋증권우
456880,ACE 미국달러SOFR금리(합성)
475560,더본코리아
475080,KODEX 테슬라커버드콜채권혼합액티브
092230,KPX홀딩스
228790,TIGER 화장품
421320,PLUS 우주항공&UAM
034120,SBS
432320,KB스타리츠
009160,SIMPAC
003960,사조대림
0038A0,KODEX 미국휴머노이드로봇
241590,화승엔터프라이즈
017390,서울가스
000540,흥국화재
017860,DS단석
004560,현대비앤지스틸
001750,한양증권
244920,에이플러스에셋
472170,TIGER 미국테크TOP10채권혼합
213610,KODEX 삼성그룹밸류
003120,일성아이에스
003200,일신방직
491620,RISE 미국테크100데일리고정커버드콜
570090,한투 KIS CD금리투자 ETN
0040Y0,SOL 팔란티어커버드콜OTM채권혼합
245710,ACE 베트남VN30(합성)
001460,BYC
010820,퍼스텍
033270,유나이티드제약
000490,대동
273140,KODEX 단기변동금리부채권액티브
364970,TIGER 바이오TOP10
244580,KODEX 바이오
002320,한진
439860,KODEX ESG종합채권(A-이상)액티브
476760,ACE 미국30년국채액티브
0144L0,KODEX 미국성장커버드콜액티브
02826K,삼성물산우B
363570,KODEX 장기종합채권(AA-이상)액티브
007160,사조산업
009680,모토닉
001230,동국홀딩스
394670,TIGER 글로벌리튬&2차전지SOLACTIVE(합성)
037710,광주신세계
088260,이리츠코크렙
520009,미래에셋 레버리지 원유선물혼합 ETN(H)
233160,TIGER 코스닥150 레버리지
001340,PKC
096760,JW홀딩스
003920,남양유업
0051G0,SOL 미국원자력SMR
900140,엘브이엠씨홀딩스
0094K0,TIGER 28-04 회사채(A+이상)액티브
002900,TYM
011690,와이투솔루션
092790,넥스틸
302190,TIGER 중장기국채
004360,세방
435420,TIGER 미국나스닥100채권혼합Fn
448300,TIGER 미국나스닥100(H)
078520,에이블씨엔씨
458260,TIGER 미국투자등급회사채액티브(H)
009470,삼화전기
136490,선진
481190,SOL 미국테크TOP10
385720,TIME 코스피액티브
472160,TIGER 미국테크TOP10 INDXX(H)
334890,이지스밸류플러스리츠
0064K0,KODEX 금액티브
058430,포스코스틸리온
030210,다올투자증권
108670,LX하우시스
461950,KODEX 2차전지핵심소재10
418660,TIGER 미국나스닥100레버리지(합성)
485540,KODEX 미국AI테크TOP10
000050,경방
377190,디앤디플랫폼리츠
033530,SJG세종
488980,SOL 26-12 회사채(AA-이상)액티브
013890,지누스
283580,KODEX 차이나CSI300
473460,KODEX 미국서학개미
0153K0,KODEX 주주환원고배당주
000430,대원강업
486450,SOL 미국AI전력인프라
433500,ACE 원자력TOP10
385550,RISE 단기채권알파액티브
033920,무학
000680,LS네트웍스
035150,백산
0030R0,대신밸류리츠
003547,대신증권2우B
354500,ACE 코스닥150
007860,서연
310960,TIGER 200TR
122900,아이마켓코리아
493810,TIGER 미국AI빅테크10타겟데일리커버드콜
0089D0,KODEX 금융고배당TOP10
001130,대한제분
003070,코오롱글로벌
160580,TIGER 구리실물
092220,KEC
001630,종근당홀딩스
422420,RISE 2차전지액티브
404990,신한서부티엔디리츠
008490,서흥
329650,KODEX TRF3070
003220,대원제약
003720,삼영
0052S0,1Q 미국S&P500미국채혼합50액티브
001790,대한제당
0026S0,1Q 미국S&P500
226320,잇츠한불
013580,계룡건설
466930,SOL 자동차TOP3플러스
005500,삼진제약
451060,1Q 200액티브
0048K0,KODEX 차이나휴머노이드로봇
044450,KSS해운
261260,KODEX 미국달러선물인버스2X
012200,계양전기
007570,일양약품
005950,이수화학
487570,HS효성
0098F0,KODEX 원자력SMR
0047A0,TIGER 차이나테크TOP10
005680,삼영전자
448540,ACE 엔비디아채권혼합
035510,신세계 I&C
003555,LG우
051905,LG생활건강우
005010,휴스틸
0000J0,PLUS 한화그룹주
000520,삼일제약
053210,스카이라이프
396520,TIGER 차이나반도체FACTSET
530061,삼성 레버리지 은 선물 ETN(H)
004980,성신양회
134380,미원화학
210980,SK디앤디
570022,한투 레버리지 S&P500 선물 ETN(H)
003350,한국화장품제조
028100,동아지질
498270,KIWOOM 미국양자컴퓨팅
003610,방림
000480,CR홀딩스
476450,KIWOOM 머니마켓액티브
003460,유화증권
305080,TIGER 미국채10년선물
000390,삼화페인트
084680,이월드
025000,KPX케미칼
003650,미창석유
266160,RISE 고배당
760011,키움 레버리지 2차전지산업 ETN
271980,제일약품
095570,AJ네트웍스
143860,TIGER 헬스케어
004430,송원산업
000860,강남제비스코
001520,동양
010580,에스엠벡셀
000140,하이트진로홀딩스
001080,만호제강
388420,RISE 비메모리반도체액티브
339770,교촌에프앤비
001045,CJ우
190620,ACE 단기통안채
002150,도화엔지니어링
200250,KIWOOM 인도Nifty50(합성)
012320,경동인베스트
500037,신한 레버리지 금 선물 ETN
081000,일진다이아
102260,동성케미컬
433330,SOL 미국S&P500
053690,한미글로벌
010955,S-Oil우
332930,HANARO 200TR
117580,대성에너지
491610,1Q CD금리액티브(합성)
267770,TIGER 200선물레버리지
448630,RISE 삼성그룹Top3채권혼합
009070,KCTC
290130,RISE ESG사회책임투자
298690,에어부산
039570,HDC랩스
001780,알루코
500077,신한 인버스0.5X S&P500 VIX S/T선물 ETN
001250,GS글로벌
385510,KODEX 신재생에너지액티브
489030,PLUS 고배당주위클리커버드콜
005430,한국공항
0123G0,TIGER 미국AI전력SMR
213500,한솔제지
234080,JW생명과학
011785,금호석유화학우
414780,TIGER 차이나과창판STAR50(합성)
005960,동부건설
550092,N2 월간 레버리지 방위산업 Top5 ETN
0040X0,SOL 팔란티어미국채커버드콜혼합
304660,KODEX 미국30년국채울트라선물(H)
490090,TIGER 미국AI빅테크10
004090,한국석유
452360,SOL 미국배당다우존스(H)
483320,ACE 엔비디아밸류체인액티브
004380,삼익THK
495230,KoAct 코리아밸류업액티브
102460,이연제약
071840,롯데하이마트
520094,미래에셋 CD금리 플러스 ETN
464240,KIWOOM 26-09회사채(AA-이상)액티브
016580,환인제약
412570,TIGER 2차전지TOP10레버리지
471040,KoAct 글로벌AI&로봇액티브
031440,신세계푸드
409820,KODEX 미국나스닥100레버리지(합성 H)
0043Y0,TIME 차이나AI테크액티브
004710,한솔테크닉스
101530,해태제과식품
455860,SOL 2차전지소부장Fn
016450,한세예스24홀딩스
426020,TIME 미국S&P500액티브
0111P0,1Q 미국나스닥100미국채혼합50액티브
214420,토니모리
472920,HK 종합채권(AA-이상)액티브
0092C0,SOL 27-12 회사채(AA-이상)액티브
015230,대창단조
006060,화승인더
272560,RISE 단기국공채액티브
089470,HDC현대EP
0119H0,KODEX 28-12 회사채(AA-이상)액티브
483340,ACE 구글밸류체인액티브
025820,이구산업
037560,LG헬로비전
025620,차AI헬스케어
002100,경농
475050,ACE KPOP포커스
497880,SOL CD금리&머니마켓액티브
001360,삼성제약
272550,삼양패키징
007540,샘표
012610,경인양행
251340,KODEX 코스닥150선물인버스
293480,하나제약
325020,KODEX 배당가치
00279K,아모레퍼시픽홀딩스3우C
002990,금호건설
097955,CJ제일제당 우
530104,삼성 레버리지 코스피200 선물 ETN
463290,1Q 단기금융채액티브
500069,신한 레버리지 코스피 200 선물 ETN
002170,삼양통상
196230,RISE 단기통안채
114100,RISE 국고채3년
480020,ACE 미국빅테크7+데일리타겟커버드콜(합성)
010100,한국무브넥스
0008S0,TIGER 미국배당다우존스타겟데일리커버드콜
0001S0,TIGER 26-04 회사채(A+이상)액티브
460850,동국씨엠
090350,노루페인트
008970,KBI동양철관
317400,자이에스앤디
403790,마이다스 코스피액티브
000020,동화약품
325010,KODEX 성장주
078000,텔코웨어
400760,NH올원리츠
500071,신한 레버리지 코스닥 150 선물 ETN
100250,진양홀딩스
003830,대한화섬
496020,WON 전단채플러스액티브
465780,마이티 26-09 특수채(AAA)액티브
000300,DH오토넥스
013520,화승코퍼레이션
471760,TIGER AI반도체핵심공정
009270,신원
182480,TIGER 미국MSCI리츠(합성 H)
0005D0,SOL 전고체배터리&실리콘음극재
016880,웅진
278240,RISE 코스닥150선물레버리지
462520,조선내화
0138Y0,PLUS 금채권혼합
520066,미래에셋 KRX금현물 Auto-KO-C 2810-01 ETN
530055,삼성 레버리지 금 선물 ETN(H)
021820,세원정공
0104N0,TIGER 200타겟위클리커버드콜
004960,한신공영
03473K,SK우
372330,KODEX 차이나항셍테크
0091C0,KODEX 미국10년국채액티브(H)
367770,RISE 수소경제테마
001290,상상인증권
014280,금강공업
000700,유수홀딩스
192090,TIGER 차이나CSI300
461270,ACE 26-06 회사채(AA-이상)액티브
0080Y0,SOL 조선TOP3플러스레버리지
210540,디와이파워
004970,신라교역
107590,미원홀딩스
027970,한국제지
011700,한신기계
000970,한국주철관
0101N0,RISE AI전력인프라
008110,대동전자
009580,무림P&P
070960,모나용평
0019K0,TIME 미국나스닥100채권혼합50액티브
480030,ACE 미국500데일리타겟커버드콜(합성)
079430,현대리바트
005800,신영와코루
014710,사조씨푸드
363280,티와이홀딩스
018470,조일알미늄
123690,한국화장품
003480,한진중공업홀딩스
0015B0,KoAct 미국나스닥성장기업액티브
002390,한독
319640,TIGER 골드선물(H)
474590,WON 반도체밸류체인액티브
001020,페이퍼코리아
429000,TIGER 미국S&P500배당귀족
008350,남선알미늄
237370,KODEX 코리아배당성장채권혼합
483290,KODEX 미국배당다우존스타겟커버드콜
008040,사조동아원
130730,KIWOOM 단기자금
298000,효성화학
019180,티에이치엔
481180,SOL 미국AI소프트웨어
219480,KODEX 미국S&P500선물(H)
004250,NPC
094280,효성ITX
491230,PLUS 국공채머니마켓액티브
0005A0,KODEX 미국S&P500데일리커버드콜OTM
520092,미래에셋 레버리지 은 선물 ETN B
016710,대성홀딩스
077500,유니퀘스트
011280,태림포장
0066W0,SOL 국제금
044820,코스맥스비티아이
083420,그린케미칼
084670,동양고속
0074K0,KoAct K수출핵심기업TOP30액티브
136340,RISE 중기우량회사채
015890,태경산업
0099L0,ACE 우량회사채(AA-이상)액티브
002620,제일파마홀딩스
367760,RISE 네트워크인프라
245340,TIGER 미국다우존스30
438570,SOL 국고채10년
152870,파워 200
019680,대교
530136,삼성 인버스 2X 천연가스 선물 ETN D
035000,HS애드
024090,디씨엠
309230,ACE 미국WideMoat동일가중
004150,한솔홀딩스
760016,키움 레버리지 조선TOP10 ETN
007110,일신석재
214390,경보제약
350520,이지스레지던스리츠
014790,HL D&I
002460,HS화성
520056,미래에셋 레버리지 코스닥150 선물 ETN
332500,ACE 200TR
004060,SG세계물산
570059,한투 레버리지 금 선물 ETN
0151S0,KODEX 미국AI반도체TOP3플러스
114820,TIGER 국채3년
451530,TIGER 국고채30년스트립액티브
036580,팜스코
012800,대창
013570,디와이
442570,RISE TDF2050액티브
481430,RISE 국고채10년액티브
248170,샘표식품
120030,조선선재
473640,HANARO 글로벌금채굴기업
157490,TIGER 소프트웨어
0115D0,KODEX K조선TOP10
495060,TIME 코리아밸류업액티브
020120,키다리스튜디오
0092B0,SOL 한국원자력SMR
570051,한투 나스닥 100 ETN
464310,TIGER 글로벌AI&로보틱스 INDXX
036420,콘텐트리중앙
267290,경동도시가스
007210,벽산
000230,일동홀딩스
067830,세이브존I&C
016740,두올
004080,신흥
228810,TIGER 미디어컨텐츠
095720,웅진씽크빅
0162M0,KODEX 금융채1~2년(AA-이상)PLUS액티브
007460,에이프로젠
464930,TIGER 글로벌혁신블루칩TOP10
010660,화천기계
488500,TIGER 미국S&P500동일가중
328370,PLUS 코스피TR
0127M0,ACE 미국대형가치주액티브
0118Z0,ACE 미국AI테크핵심산업액티브
168580,ACE 중국본토CSI300
423170,SOL 한국형글로벌반도체액티브
0111J0,HANARO 증권고배당TOP3플러스
004140,동방
363580,KODEX 200IT TR
002200,한국수출포장
458210,KIWOOM CD금리액티브(합성)
014580,태경비케이
243880,TIGER 200IT레버리지
570050,한투 S&P500 선물 ETN
495550,SOL 코리아밸류업TR
014530,극동유화
490480,SOL K방산
004840,DRB동일
015590,DKME
494220,UNICORN SK하이닉스밸류체인액티브
433980,KODEX TDF2040액티브
0000Y0,HK 26-12 회사채(AA-이상)액티브
0085N0,ACE 미국10년국채액티브(H)
364960,TIGER BBIG
227840,현대코퍼레이션홀딩스
700023,하나 Solactive 2X US Tech Top 10 ETN(H)
139990,아주스틸
359210,KODEX 코스피TR
267850,아시아나IDT
491820,HANARO 전력설비투자
058850,KTcs
469170,ACE 포스코그룹포커스
0115E0,KODEX 코리아소버린AI
479730,TIGER 인도빌리언컨슈머
034590,인천도시가스
017550,수산세보틱스
570061,한투 레버리지 은 선물 ETN
017370,우신시스템
304780,HANARO 200선물레버리지
496090,KIWOOM 코리아밸류업
550089,N2 월간 레버리지 코스피 200 선물 ETN
454320,HANARO CAPEX설비투자iSelect
000180,성창기업지주
063160,종근당바이오
399110,SOL 미국S&P500ESG
023800,인지컨트롤스
394660,TIGER 글로벌자율주행&전기차SOLACTIVE
005870,휴니드
014160,대영포장
0082V0,KODEX TDF2060액티브
760007,키움 코스피 200 TR ETN
002780,진흥기업
498180,파워 종합채권(AA-이상)액티브
500099,신한 WTI원유 선물 ETN
204480,TIGER 차이나CSI300레버리지(합성)
468380,KODEX iShares미국하이일드액티브
002220,한일철강
006840,AK홀딩스
441540,HANARO Fn조선해운
261070,TIGER 코스닥150바이오테크
0035T0,PLUS 글로벌휴머노이드로봇액티브
0098N0,PLUS 자사주매입고배당주
017900,광전자
000105,유한양행우
0069M0,1Q 미국나스닥100
401170,RISE 메타버스
465610,ACE 미국빅테크TOP7 Plus레버리지(합성)
214330,금호에이치티
264900,크라운제과
550062,N2 레버리지 금 선물 ETN(H)
011810,STX
0036R0,RISE 미국휴머노이드로봇
610012,메리츠 레버리지 금 선물 ETN(H)
610037,메리츠 미국채30년 ETN(H)
002450,삼익악기
023450,동남합성
006660,삼성공조
490600,RISE 미국배당100데일리고정커버드콜
495710,BNK 26-06 특수채(AAA이상)액티브
308620,KODEX 미국10년국채선물
011330,유니켐
411420,KODEX 미국나스닥AI테크액티브
0135Y0,ITF 중기종합채권(AA-이상)액티브
032560,황금에스티
304940,KODEX 미국나스닥100선물(H)
448100,WON 200
480040,ACE 미국반도체데일리타겟커버드콜(합성)
570106,한투 레버리지일본니케이225선물 ETN(H)
266420,KODEX 헬스케어
058860,KTis
008260,NI스틸
005740,크라운해태홀딩스
0131W0,1Q 단기특수은행채액티브
33626K,두산퓨얼셀1우
492500,1Q 현대차그룹채권(A+이상)&국고통안
013870,지엠비코리아
447620,SOL 미국TOP5채권혼합40 Solactive
001275,부국증권우
004100,태양금속
0091M0,HANARO 27-06 회사채(AA-이상)액티브
0151P0,RISE 코리아전략산업액티브
011000,진원생명과학
0093A0,RISE AI반도체TOP10
520087,미래에셋 레버리지 KRX 금현물 ETN
203780,TIGER 미국나스닥바이오
329660,KODEX TRF5050
011150,CJ씨푸드
007980,TP
530036,삼성 인버스 2X WTI원유 선물 ETN
252400,RISE 200선물레버리지
000590,CS홀딩스
002720,국제약품
211560,TIGER 배당성장
078935,GS우
396690,미래에셋글로벌리츠
119650,KC코트렐
143850,TIGER 미국S&P500선물(H)
0085P0,ACE 미국10년국채액티브
031820,아이티센씨티에스
068290,삼성출판사
003580,HLB글로벌
495330,1Q 코리아밸류업
010960,삼호개발
001620,케이비아이동국실업
530107,삼성 인버스 2X 코스닥150 선물 ETN
332940,HANARO MSCI Korea TR
195980,PLUS 신흥국MSCI(합성 H)
163560,동일고무벨트
326240,RISE IT플러스
211900,KODEX 코리아배당성장
002700,신일전자
001560,제일연마
014440,영보화학
023000,삼원강재
008700,아남전자
122090,PLUS 코스피50
476750,ACE 미국30년국채엔화노출액티브(H)
013360,일성건설
079980,휴비스
002600,조흥
101140,인바이오젠
004890,동일산업
108450,ACE 삼성그룹섹터가중
096775,SK이노베이션우
0154F0,WON 초대형IB&금융지주
228800,TIGER 여행레저
550064,N2 레버리지 은 선물 ETN(H)
377990,TIGER Fn신재생에너지
0132H0,KODEX 미국원자력SMR
111380,동인기연
004410,서울식품
0102A0,TIGER 미국AI소프트웨어TOP4Plus
0086B0,TIGER 리츠부동산인프라TOP10액티브
0018C0,PLUS 고배당주위클리고정커버드콜
210780,TIGER 코스피고배당
453330,RISE 미국S&P500(H)
138520,TIGER 삼성그룹
412770,TIGER 글로벌AI플랫폼액티브
580039,KB 레버리지 KOSPI 200 선물 ETN
610061,메리츠 3X 레버리지 국채30년 ETN
0052T0,1Q 중단기회사채(A-이상)액티브
006890,태경케미컬
500050,신한 레버리지 S&P500 선물 ETN
011390,부산산업
401470,KODEX 메타버스액티브
0132K0,PLUS 테슬라위클리커버드콜채권혼합
005750,대림바스
337160,KODEX 200ESG
009770,삼정펄프
0113D0,TIME 글로벌탑픽액티브
000850,화천기공
338100,NH프라임리츠
580016,KB 레버리지 S&P 500 선물 ETN(H)
473440,ACE 11월만기자동연장회사채AA-이상액티브
009200,무림페이퍼
269540,PLUS 미국S&P500(H)
530111,삼성 레버리지 천연가스 선물 ETN C
001260,남광토건
460960,ACE 글로벌인컴TOP10
004720,팜젠사이언스
570019,한투 코스피 양매도 5% OTM ETN
0007N0,아이엠에셋 200
010040,한국내화
002795,아모레퍼시픽홀딩스우
494330,ACE 라이프자산주주가치액티브
465330,RISE 2차전지TOP10
023810,인팩
461500,HANARO 종합채권(AA-이상)액티브
440910,WON 미국우주항공방산
007280,한국특강
329670,KODEX TRF7030
0022T0,SOL 국제금커버드콜액티브
433970,KODEX TDF2030액티브
37550L,DL이앤씨2우(전환)
550091,N2 방위산업 Top5 ETN
0008T0,SOL 화장품TOP3플러스
000725,현대건설우
306950,KODEX KRX300레버리지
006090,사조오양
0089C0,KODEX 미국S&P500변동성확대시커버드콜
0049M0,ACE 미국배당퀄리티+커버드콜액티브
530067,삼성 KRX 금현물 ETN
476030,SOL 미국나스닥100
120115,코오롱인더우
009180,한솔로지스틱스
007590,동방아그로
006880,신송홀딩스
491700,HK 200
316670,KIWOOM 코스닥150
475280,ACE 8월만기자동연장회사채AA-이상액티브
0017Y0,1Q 종합채권(AA-이상)액티브
475300,SOL 반도체전공정
415920,PLUS 글로벌희토류&전략자원생산기업
001470,삼부토건
003780,진양산업
012690,모나리자
500096,신한 인버스2X 천연가스 선물 ETN B
252650,KODEX 200동일가중
085310,엔케이
013700,까뮤이앤씨
000220,유유제약
009835,한화솔루션우
0100K0,KODEX 방산TOP10레버리지
476850,KoAct 배당성장액티브
004830,덕성
004540,깨끗한나라
018500,동원금속
129260,인터지스
372910,한컴라이프케어
016090,대현
001550,조비
550093,N2 전력인프라 Top5 ETN
055490,테이팩스
111110,호전실업
150460,TIGER 중국소비테마
395290,HANARO Fn K-POP&미디어
139320,TIGER 금은선물(H)
0026E0,KODEX 미국S&P500버퍼3월액티브
071090,하이스틸
093240,형지엘리트
475350,RISE 버크셔포트폴리오TOP10
004440,삼일씨엔에스
580010,KB Wise 분할매매 ETN
378850,화승알앤에이
002760,보락
445150,KODEX 친환경조선해운액티브
457990,PLUS 태양광&ESS
002630,오리엔트바이오
0139P0,ACE 고배당주
003925,남양유업우
495040,PLUS 코리아밸류업
024900,디와이덕양
100220,비상교육
005305,롯데칠성우
001380,SG글로벌
0000Z0,RISE 바이오TOP10액티브
272910,ACE 중장기국공채액티브
453080,KIWOOM 미국나스닥100(H)
003010,혜인
419890,KIWOOM 단기채권ESG액티브
450910,SOL 코스닥150
485690,RISE 미국AI밸류체인TOP3Plus
700017,하나 레버리지 코스닥150 선물 ETN
452250,ACE 미국30년국채선물레버리지(합성 H)
570081,한투 레버리지 코스닥150선물 ETN
486240,DAISHIN343 AI반도체&인프라액티브
261270,KODEX 미국달러선물인버스
570069,한투 레버리지 플래티넘 선물 ETN
261240,KODEX 미국달러선물
500095,신한 S&P500 VIX S/T 선물 ETN E
092440,기신정기
530106,삼성 레버리지 코스닥150 선물 ETN
006980,우성
488720,WON 종합채권(AA-이상)액티브
000890,보해양조
440640,ACE 단기채권알파액티브
261220,KODEX WTI원유선물(H)
400970,TIGER Fn메타버스
000950,전방
000910,유니온
0142D0,TIGER 미국AI데이터센터TOP4Plus
365000,TIGER 인터넷TOP10
101280,KODEX 일본TOPIX100
058730,다스코
298340,PLUS 국채선물3년
444490,WON 미국S&P500
025560,미래산업
434960,DAISHIN343 K200
298770,KODEX 한국대만IT프리미어
275980,TIGER 글로벌4차산업혁신기술(합성 H)
014990,인디에프
004910,조광페인트
463680,KODEX 미국S&P500테크놀로지
003465,유화증권우
012160,영흥
453640,KODEX 미국S&P500헬스케어
610066,메리츠 KAP 통안채 3개월 ETN
092780,DYP
002140,고려산업
003060,에이프로젠바이오로직스
225040,TIGER 미국S&P500레버리지(합성 H)
004450,삼화왕관
292190,KODEX KRX300
487750,BNK 온디바이스AI
017180,명문제약
395170,KODEX Top10동일가중
155660,DSR
017040,광명전기
140700,KODEX 보험
365040,TIGER AI코리아그로스액티브
371470,TIGER 차이나바이오테크SOLACTIVE
458030,WON 국공채머니마켓액티브
28513K,SK케미칼우
047400,유니온머티리얼
494840,TIGER 미국방산TOP10
021050,서원
138910,KODEX 구리선물(H)
357250,미래에셋맵스리츠
447430,ACE 주주환원가치주액티브
001465,BYC우
461460,PLUS 국고채10년액티브
760018,키움 미국달러선물 ETN B
003475,유안타증권우
458750,TIGER 미국배당다우존스타겟커버드콜1호
496770,PLUS 글로벌방산
0021E0,ACE TDF2050액티브
0123S0,HANARO 26-12 은행채(AA+이상)액티브
069730,DSR제강
075180,새론오토모티브
0152E0,SOL 배당성향탑픽액티브
139280,TIGER 경기방어
292560,TIGER 일본엔선물
010770,평화홀딩스
0007G0,PLUS 글로벌원자력밸류체인
449770,KIWOOM 미국S&P500
0000D0,TIGER 엔비디아미국채커버드콜밸런스(합성)
123700,SJM
570103,한투 인버스2X 나스닥100 ETN B
0057H0,PLUS 미국S&P500미국채혼합50액티브
456680,TIGER 차이나전기차레버리지(합성)
610078,메리츠 3X 레버리지 미국채30년 ETN
471780,TIGER 코리아테크액티브
475310,SOL 반도체후공정
530131,삼성 인버스0.5X S&P500 VIX S/T선물 ETN B
473590,ACE 미국주식베스트셀러
472830,RISE 미국30년국채커버드콜(합성)
0080X0,SOL 미국S&P500미국채혼합50
0041E0,KODEX 미국S&P500액티브
023960,에쓰씨엔지니어링
520089,미래에셋 CAPE 실러 US Core Sector ETN
495750,HANARO 코리아밸류업
114470,KIWOOM 국고채3년
123310,TIGER 인버스
072130,유엔젤
0067V0,TIGER 차이나글로벌리더스TOP3+
117700,KODEX 건설
266370,KODEX IT
041650,상신브레이크
002920,유성기업
500020,신한 레버리지 다우존스지수 선물 ETN(H)
139660,KIWOOM 미국달러선물인버스
012280,영화금속
004920,씨아이테크
006490,인스코비
118000,메타케어
001210,금호전기
049800,우진플라임
266360,KODEX K콘텐츠
455960,RISE 미국달러SOFR금리액티브(합성)
011300,성안머티리얼스
0068M0,KODEX 미국S&P500버퍼6월액티브
352540,KODEX 일본부동산리츠(H)
025530,SJM홀딩스
530126,삼성 코리아 밸류업 TR ETN
550084,N2 코스피 200 TR ETN
004770,써니전자
0118S0,SOL 미국넥스트테크TOP10액티브
700022,하나 Solactive US Tech Top 10 ETN(H)
0041D0,KODEX 미국AI소프트웨어TOP10
0098Z0,FOCUS 200
520080,미래에셋 미국 테크&반도체 TOP3 ETN
498860,RISE 코리아금융고배당
448570,FOCUS AI코리아액티브
337140,KODEX 코스피대형주
580077,KB 인버스 2X 미국 나스닥 100 TR ETN B
580022,KB 레버리지 금 선물 ETN(H)
139220,TIGER 200 건설
37550K,DL이앤씨우
104530,KIWOOM 고배당
464470,PLUS 미국채30년액티브
322400,HANARO e커머스
003080,SB성보
426150,WON 대한민국국고채액티브
007610,선도전기
152500,ACE 레버리지
0104H0,KoAct 미국나스닥채권혼합50액티브
007815,코리아써우
009320,아진전자부품
027740,마니커
090080,평화산업
0005G0,ITF K-AI반도체코어테크
375770,KODEX 탄소효율그린뉴딜
278620,PLUS 단기채권액티브
002410,범양건영
580021,KB 인버스 천연가스 선물 ETN
520074,미래에셋 미국 방위산업 TOP3 ETN
410870,TIME K컬처액티브
006370,대구백화점
006125,SK디스커버리우
364990,TIGER 게임TOP10
133820,화인베스틸
0113P0,HK 머니마켓액티브
023350,한국종합기술
580056,KB 일본 로보틱스 TOP 10 ETN
069460,대호에이엘
530115,삼성 레버리지 나스닥 100 TR ETN
009190,대양금속
480310,TIGER 글로벌온디바이스AI
011420,갤럭시아에스엠
139270,TIGER 200 금융
455660,ACE 미국하이일드액티브(H)
011230,삼화전자
481850,신한글로벌액티브리츠
520086,미래에셋-0.5X S&P500 VIX S/T선물 ETN(H)B
520075,미래에셋 레버리지 미국 방위산업 TOP3 ETN
253150,PLUS 200선물레버리지
520081,미래에셋 2X 미국 테크&반도체 TOP3 ETN
476690,TIGER 글로벌비만치료제TOP2Plus
0046Y0,ACE 미국배당퀄리티
479850,HANARO K-뷰티
051630,진양화학
025750,한솔홈데코
550097,N2 레버리지 코스닥150 선물 ETN
486830,HANARO 머니마켓액티브
277640,TIGER 코스피대형주
407830,에셋플러스 글로벌플랫폼액티브
308170,씨티알모빌리티
491220,PLUS 200TR
475260,ACE 2월만기자동연장회사채AA-이상액티브
570116,한투 블룸버그레버리지WTI원유선물 ETN B
200030,KODEX 미국S&P500산업재(합성)
610038,메리츠 레버리지 미국채30년 ETN(H)
469060,RISE 미국반도체NYSE
253250,KIWOOM 200선물레버리지
174360,RISE 중국본토대형주CSI100
580026,KB S&P 레버리지 은 선물 ETN(H)
252710,TIGER 200선물인버스2X
530134,삼성 블룸버그 인버스2X WTI원유선물 ETN B
008870,금비
530118,삼성 코스닥 150 TR ETN
000760,이화산업
520037,미래에셋 코스피200 선물 ETN
002880,대유에이텍
003535,한화투자증권우
357430,마스턴프리미어리츠
461580,TIGER 코스닥글로벌
256750,KODEX 차이나심천ChiNext(합성)
322410,HANARO K고배당
433880,PLUS TDF2060액티브
020760,일진디스플
570104,한투 일본니케이225선물 ETN(H)
476070,KODEX 글로벌비만치료제TOP2 Plus
453650,KODEX 미국S&P500금융
084870,TBH글로벌
004870,티웨이홀딩스
530140,삼성 iSelect 레버리지 조선 TOP10 TR ETN
276990,KODEX 글로벌로봇(합성)
530113,삼성 레버리지 S&P500 선물 ETN
008250,이건산업
0083S0,1Q 미국메디컬AI
225130,ACE 골드선물 레버리지(합성 H)
461600,SOL 미국30년국채액티브(H)
0020H0,KoAct 글로벌양자컴퓨팅액티브
008420,문배철강
475270,ACE 5월만기자동연장회사채AA-이상액티브
385590,ACE ESG액티브
461340,HANARO 글로벌생성형AI액티브
440650,ACE 미국달러단기채권액티브
145270,케이탑리츠
530124,삼성 레버리지 일본니케이225선물 ETN(H)
261140,TIGER 우선주
000215,DL우
0065G0,KODEX 차이나테크TOP10
099140,KODEX 차이나H
530023,삼성 레버리지 China A50 선물 ETN(H)
295020,RISE 국채선물10년인버스
0104P0,TIGER 코리아배당다우존스위클리커버드콜
438560,SOL 국고채3년
134790,시디즈
109070,주성코퍼레이션
520072,미래에셋 미국 AI TOP3 ETN
465770,STX그린로지스
336160,RISE 금융채액티브
122260,KIWOOM 통안채1년
196030,ACE 일본TOPIX레버리지(H)
071950,코아스
026940,부국철강
570118,한투 인버스2X천연가스선물 ETN B
520091,미래에셋 인버스 천연가스 선물 ETN B
002870,신풍
019490,엑시큐어하이트론
002360,SH에너지화학
261060,TIGER 코스닥150IT
428510,KODEX 차이나AI테크액티브
368190,HANARO Fn K-뉴딜디지털플러스
140950,파워 코스피100
005320,온타이드
610007,메리츠 국채30년 ETN
019175,신풍제약우
489290,WON 미국빌리어네어
245360,TIGER 차이나HSCEI
152380,KODEX 국채선물10년
580076,KB 레버리지 미국 나스닥 100 TR ETN B
437070,KODEX 아시아달러채권ESG플러스액티브
006200,한국전자홀딩스
090370,메타랩스
014910,성문전자
700034,하나 레버리지 K방산TOP10 ETN
0040S0,HANARO 글로벌피지컬AI액티브
570057,한투 은 선물 ETN
388280,RISE K엔터&여행레저
414270,ACE 글로벌자율주행액티브
001070,대한방직
520078,미래에셋 미국 제약 TOP3 ETN
442260,마이티 다이나믹퀀트액티브
465350,RISE 2차전지TOP10인버스(합성)
0093D0,KoAct 팔란티어밸류체인액티브
385520,KODEX 자율주행액티브
580070,KB 레버리지 2차전지 TOP 10 TR ETN
005820,원림
487130,KoAct AI인프라액티브
520068,미래에셋 2X 홍콩H 선물 ETN
276970,KODEX 미국S&P500배당귀족커버드콜(합성 H)
0141T0,SOL 중기종합채권(AA-이상)액티브
453950,TIGER TSMC파운드리밸류체인
429760,PLUS 미국S&P500
530138,삼성 KRX 레버리지 2차전지 TOP10 TR ETN
005030,부산주공
0155M0,ACE 미국SMR원자력TOP10
218420,KODEX 미국S&P500에너지(합성)
419430,KODEX 차이나2차전지MSCI(합성)
117460,KODEX 에너지화학
238720,ACE 일본Nikkei225(H)
227540,TIGER 200 헬스케어
195930,TIGER 유로스탁스50(합성 H)
495940,RISE 미국AI테크액티브
074610,이엔플러스
261250,KODEX 미국달러선물레버리지
204450,KODEX 차이나H레버리지(H)
570065,한투 레버리지 베트남 VN30 선물 ETN(H)
35320K,대덕전자1우
475070,KoAct 글로벌친환경전력인프라액티브
520082,미래에셋 미국 자율주행대표기업 ETN
610075,메리츠 3X 레버리지 미국채10년 ETN
004365,세방우
0112X0,마이티 200TR
275300,KODEX 우량주
33637K,솔루스첨단소재1우
480370,씨케이솔루션
300950,KODEX 게임산업
007120,미래아이앤지
305050,ACE 코스피
002025,코오롱우
530130,삼성 S&P500 VIX S/T 선물 ETN B
280930,KODEX 미국러셀2000(H)
256440,ACE MSCI인도네시아(합성)
468630,KODEX iShares미국투자등급회사채액티브
014130,한익스프레스
0013R0,RISE 테슬라미국채타겟커버드콜혼합(합성)
580020,KB 천연가스 선물 ETN(H)
156080,KODEX MSCI Korea
363510,SOL KIS단기통안채
461450,KODEX 코스닥글로벌
0144M0,KODEX 미국드론UAM TOP10
550041,N2 미국 IT TOP5 ETN(H)
500082,신한 블룸버그 2X 천연가스 선물 ETN
006740,블루산업개발
009310,참엔지니어링
530089,삼성 은 선물 ETN(H)
580043,KB 레버리지 KOSDAQ 150 선물 ETN
005360,모나미
0150K0,KoAct 수소전력ESS인프라액티브
530116,삼성 인버스 2X 나스닥 100 TR ETN
009140,경인전자
000040,KR모터스
446070,유니드비티플러스
147970,TIGER 모멘텀
261120,TIGER 미국달러선물인버스2X
449780,KIWOOM 미국S&P500(H)
570055,한투 금 선물 ETN
479620,SOL 미국AI반도체칩메이커
520077,미래에셋 -1.5X 천연가스 선물 ETN
024890,대원화성
0137V0,KIWOOM 미국S&P500모멘텀
471460,KIWOOM 국고채30년액티브
520090,미래에셋 천연가스 선물 ETN B
570082,한투 인버스 2X 코스닥150선물 ETN
360140,KODEX 200롱코스닥150숏선물
0047R0,RISE 팔란티어고정테크100
0141S0,SOL 조선기자재
009810,플레이그램
002690,동일제강
409810,KODEX 미국나스닥100선물인버스(H)
105780,RISE 5대그룹주
700027,하나 반도체 ETN
500035,신한 레버리지 미국달러 선물 ETN
033250,체시스
610064,메리츠 KAP 통안채 6개월 ETN
241390,RISE V&S셀렉트밸류채권혼합
580034,KB 레버리지 FANG 플러스 ETN(H)
139250,TIGER 200 에너지화학
475380,RISE 글로벌리얼티인컴
352560,KODEX 미국부동산리츠(H)
003680,한성기업
013000,세우글로벌
0162Z0,RISE 삼성전자SK하이닉스채권혼합50
418670,TIGER 글로벌AI사이버보안
0097L0,KIWOOM 한국고배당&미국AI테크
760005,키움 INDXX 미국테크탑10 ETN
500040,신한 레버리지 구리 선물 ETN
304770,HANARO 코스닥150
0103T0,1Q K소버린AI
006570,대림통상
009460,한창제지
248270,TIGER S&P글로벌헬스케어(합성)
493420,SOL 미국배당다우존스2호
760023,키움 레버리지 K방산 TOP5 ETN
520047,미래에셋 인버스 2X 옥수수 선물 ETN
0094M0,RISE 코리아밸류업위클리고정커버드콜
459750,RISE 글로벌주식분산액티브
530119,삼성 레버리지 항셍테크 TR ETN(H) B
100910,KIWOOM KRX100
459560,KODEX 테슬라밸류체인FactSet
023150,MH에탄올
287180,PLUS 미국나스닥테크
0023B0,PLUS 미국양자컴퓨팅TOP10
550085,N2 코스닥 150 TR ETN
481340,RISE 미국30년국채액티브
520073,미래에셋 레버리지 미국 AI TOP3 ETN
245350,TIGER 유로스탁스배당30
477730,KODEX 인도타타그룹
760008,키움 코스닥 150 TR ETN
520039,미래에셋 코스닥150 선물 ETN
024070,WISCOM
0162L0,KODEX 차이나AI반도체TOP10
33626L,두산퓨얼셀2우B
117680,KODEX 철강
0088N0,WON K-글로벌수급상위
473490,KIWOOM 글로벌AI반도체
580049,KB 차이나 중형주 CSI 500 ETN
002355,넥센타이어1우B
491090,KODEX 미국테크TOP3플러스
0084E0,KIWOOM 미국대형주500월간목표헤지액티브
002420,세기상사
0104G0,PLUS K방산레버리지
167860,KIWOOM 국고채10년레버리지
438320,TIGER 차이나항셍테크레버리지(합성 H)
271050,KODEX WTI원유선물인버스(H)
500100,신한 금 선물 ETN
002820,SUN&L
494410,PLUS 미국S&P500성장주
449690,TIGER 한중반도체(합성)
011090,에넥스
012170,아센디오
0138T0,RISE 미국S&P500데일리고정커버드콜
010400,우진아이엔에스
276650,RISE 글로벌테크놀로지(합성 H)
500085,신한 코스피 200 TR ETN
300640,RISE 게임테마
580073,KB 레버리지 화웨이 밸류체인 ETN
530117,삼성 코스피 200 TR ETN
45226K,한화갤러리아우
610069,메리츠 KAP 레버리지 일본 엔화 ETN
570072,한투 레버리지 구리 선물 ETN
004270,남성
570047,한투 FTSE100 ETN
476260,HANARO 반도체핵심공정주도주
520079,미래에셋 레버리지 미국 제약 TOP3 ETN
088790,진도
008775,호텔신라우
445690,BNK 주주가치액티브
472840,ITF 200
570102,한투 레버리지 나스닥100 ETN B
0107F0,KIWOOM 미국고배당&AI테크
437350,RISE 미국단기투자등급회사채액티브
580057,KB 일본 컨슈머 TOP 10 ETN
360150,KODEX 코스닥150롱코스피200숏선물
010640,진양폴리
192720,파워 고배당저변동성
030720,동원수산
003495,대한항공우
153270,KIWOOM 코스피100
223190,KODEX 200가치저변동
284980,RISE 200금융
069640,한세엠케이
442560,RISE TDF2040액티브
530083,삼성 금 선물 ETN(H)
015260,에이엔피
415760,SOL 차이나육성산업액티브(합성)
138230,KIWOOM 미국달러선물
0137W0,KIWOOM 미국S&P500&GOLD
610085,메리츠 레버리지 미국채30년 스트립 ETN(H)
580048,KB 차이나 대형주 CSI 300 ETN
005110,한창
570029,한투 코스피 양매도 3% OTM ETN
610022,메리츠 미국채10년 ETN(H)
500023,신한 콩 선물 ETN(H)
760022,키움 K방산 TOP5 ETN
415340,KODEX 차이나과창판STAR50(합성)
387270,TIGER 글로벌이노베이션액티브
474800,KIWOOM 미국원유에너지기업
483420,ACE 애플밸류체인액티브
00499K,롯데지주우
002210,동성제약
520065,미래에셋 -2X 미국채울트라30년 선물 ETN
700012,하나 인버스 2X 옥수수 선물 ETN(H)
252000,TIGER 200동일가중
145850,TREX 펀더멘탈 200
570054,한투 레버리지 유로스탁스50 ETN(H) B
610036,메리츠 인버스 2X 대표 농산물 선물 ETN(H)
491830,TIGER 미국AI반도체팹리스
143210,핸즈코퍼레이션
275280,KODEX 모멘텀주
195970,PLUS 선진국MSCI(합성 H)
580072,KB 화웨이 밸류체인 ETN
459790,KIWOOM 미국성장기업30액티브
760004,키움 인버스 미국달러선물 ETN
236350,TIGER 인도니프티50레버리지(합성)
269420,KODEX S&P글로벌인프라(합성)
580068,KB S&P 레버리지 WTI원유 선물 ETN B
271060,KODEX 3대농산물선물(H)
275290,KODEX 가치주
520083,미래에셋 2X 미국 자율주행대표기업 ETN
407310,HANARO 200 TOP10
530133,삼성 블룸버그 레버리지 WTI원유선물 ETN B
520057,미래에셋 인버스 2X 코스닥150 선물 ETN
272570,RISE 중장기국공채액티브
570100,한투 일본종합상사TOP5 ETN
002070,비비안
700029,하나 S&P 레버리지 WTI원유 선물 ETN B
253290,RISE 헬스케어채권혼합
385600,ACE 2차전지&친환경차액티브
460660,RISE 미국S&P배당킹
610001,메리츠 인플레이션 국채 ETN
0153X0,PLUS 미국고배당주액티브
483240,TIGER 미국나스닥100ETF선물
610088,메리츠 솔랙티브 2X WTI원유 선물 ETN(H)
500093,신한 블룸버그 레버리지 WTI원유선물 ETN B
570117,한투 블룸버그인버스2XWTI원유선물 ETN B
001685,대상우
091220,TIGER 은행
0036D0,TIME 미국배당다우존스액티브
442090,에셋플러스 코리아대장장이액티브
044380,주연테크
450190,KODEX 한중반도체(합성)
465660,TIGER 일본반도체FACTSET
610028,메리츠 레버리지 구리 선물 ETN(H)
289480,TIGER 200커버드콜
530128,삼성 레버리지 미국다우존스 선물 ETN
530063,삼성 레버리지 구리 선물 ETN(H)
0089B0,PLUS 미국나스닥100미국채혼합50
387280,TIGER 퓨처모빌리티액티브
570093,한투 레버리지 천연가스 선물 ETN B
483570,KCGI 미국S&P500 TOP10
580075,KB 레버리지 BYD 밸류체인 ETN
226980,KODEX 200 중소형
550069,N2 레버리지 구리 선물 ETN(H)
700013,하나 레버리지 콩 선물 ETN(H)
391670,HK 베스트일레븐액티브
169950,KODEX 차이나A50
0067Y0,TIGER 차이나AI소프트웨어
277540,ACE 아시아TOP50
18064K,한진칼우
404260,KODEX 기후변화솔루션
446690,KODEX 아시아AI반도체exChina액티브
550087,N2 선진국 1등주 ETN
332620,PLUS 미국장기우량회사채
496120,ACE 코리아밸류업
001420,태원물산
138530,TIGER LG그룹플러스
417630,TIGER KEDI혁신기업ESG30
469790,KIWOOM K-테크TOP10
550088,N2 월간 레버리지 선진국 1등주 ETN
376410,TIGER 탄소효율그린뉴딜
102960,KODEX 기계장비
463300,RISE 중국본토CSI300
610008,메리츠 레버리지 국채30년 ETN
292500,SOL KRX300
580074,KB BYD 밸류체인 ETN
183700,RISE 채권혼합
411540,SOL 200 Top10
019685,대교우B
292160,TIGER KRX300
489000,PLUS 일본엔화초단기국채(합성)
282000,RISE 국고채3년선물인버스
001770,SHD
500090,신한 2X 26-05 공사채(AAA) ETN
500091,신한 33-12 국고채 플러스 ETN
500088,신한 2X 26-05 은행채(AAA) ETN
580066,KB 인도 대형 성장주 Select 5 ETN
500089,신한 26-05 공사채(AAA) ETN
500087,신한 26-05 은행채(AAA) ETN
396510,TIGER 차이나클린에너지SOLACTIVE
438900,HANARO Fn K-푸드
760017,키움 조선TOP10 ETN
497780,KoAct 미국천연가스인프라액티브
610047,메리츠 인버스 국채3년 ETN
371150,RISE 차이나항셍테크
005257,녹십자홀딩스2우
520050,미래에셋 인버스 2X 원유선물혼합 ETN(H)
610018,메리츠 국채10년 ETN
419650,PLUS 글로벌수소&차세대연료전지
159800,마이티 코스피100
520088,미래에셋 S&P500 VIX S/T 선물 ETN(H)
491510,파워 K-주주가치액티브
580071,KB 인버스 2X 천연가스 선물 ETN B
0047P0,RISE 테슬라고정테크100
457690,KODEX 33-06 국고채액티브
185680,KODEX 미국S&P바이오(합성)
469050,RISE 미국반도체NYSE(H)
364690,KODEX 혁신기술테마액티브
530105,삼성 인버스 2X 코스피200 선물 ETN
433220,에셋플러스 글로벌대장장이액티브
570115,한투 인버스0.5X S&P500 VIX S/T선물 ETN B
760012,키움 반도체TOP10 ETN
453820,KODEX 인도Nifty50레버리지(합성)
0049K0,ACE 미국배당퀄리티채권혼합50
015020,이스타코
448490,HANARO 32-10 국고채액티브
0015F0,KIWOOM 팔란티어미국30년국채혼합액티브(H)
464920,PLUS 일본반도체소부장
371450,TIGER 글로벌클라우드컴퓨팅INDXX
250730,RISE 차이나HSCEI(H)
580067,KB 인도 디지털 Select 5 ETN
375760,HANARO 탄소효율그린뉴딜
0106J0,대신 KOSPI200인덱스 X클래스
289040,KODEX MSCI KOREA ESG유니버설
580052,KB 인버스 2X 밀 선물 ETN
219390,RISE 미국S&P원유생산기업(합성 H)
498050,HANARO 바이오코리아액티브
0051A0,KoAct 브로드컴밸류체인액티브
266410,KODEX 필수소비재
337150,KODEX 200exTOP
130680,TIGER 원유선물Enhanced(H)
440340,TIGER 글로벌멀티에셋TIF액티브
140710,KODEX 운송
025890,한국주강
520076,미래에셋 1.5X 천연가스 선물 ETN
407820,에셋플러스 코리아플랫폼액티브
337120,KODEX 멀티팩터
108590,TREX 200
610003,메리츠 미국 인플레이션 국채 ETN(H)
289250,TIGER MSCI KOREA ESG유니버설
213630,PLUS 미국다우존스고배당주(합성 H)
520093,미래에셋 인버스 2X 은 선물 ETN B
008600,윌비스
530112,삼성 S&P500 TR ETN
468370,KODEX iShares미국인플레이션국채액티브
445910,TIGER MKF배당귀족
291130,ACE MSCI멕시코(합성)
289260,TIGER MSCI KOREA ESG리더스
276000,TIGER 글로벌자원생산기업(합성 H)
477490,에셋플러스 글로벌일등기업포커스10액티브
108675,LX하우시스우
449580,RISE 테슬라애플아마존채권혼합
0115C0,RISE 미국고배당다우존스TOP10
446700,RISE 배터리 리사이클링
0028X0,KODEX 미국금융테크액티브
009440,KC그린홀딩스
367740,HANARO Fn5G산업
104520,KIWOOM 블루칩
453630,KODEX 미국S&P500필수소비재
447660,PLUS 애플채권혼합
760021,키움 코스피200 선물 달러노출 ETN
0001P0,마이티 바이오시밀러&CDMO액티브
570071,한투 구리 선물 ETN
494420,PLUS 미국배당증가성장주데일리커버드콜
570105,한투 인버스일본니케이225선물 ETN(H)
354350,HANARO 글로벌럭셔리S&P(합성)
400570,KODEX 유럽탄소배출권선물ICE(H)
229720,KODEX KTOP30
381560,HANARO Fn전기&수소차
239660,PLUS 우량회사채50
304760,HANARO KRX300
610081,메리츠 레버리지 멕시코 페소화 ETN
0021D0,ACE TDF2030액티브
195920,TIGER 일본TOPIX(합성 H)
0094X0,1Q 샤오미밸류체인액티브
008500,일정실업
500072,신한 인버스 2X 코스닥 150 선물 ETN
183710,RISE 주식혼합
417450,RISE 글로벌수소경제
422260,VITA MZ소비액티브
461900,PLUS 미국테크TOP10
300610,TIGER K게임
005725,넥센우
500086,신한 코스닥 150 TR ETN
0105D0,SOL 한국AI소프트웨어
461910,PLUS 미국테크TOP10레버리지(합성)
225060,TIGER 이머징마켓MSCI레버리지(합성 H)
0133E0,TIGER 차이나증권
464610,SOL 의료기기소부장Fn
464600,SOL 자동차소부장Fn
404120,TIME K신재생에너지액티브
227830,PLUS 코스피
000087,하이트진로2우B
0090B0,PLUS K방산소부장
530129,삼성 인버스 2X 미국다우존스 선물 ETN
580047,KB 레버리지 항셍테크 선물 ETN(H) B
580065,KB 코스닥 150 TR ETN
530139,삼성 iSelect 조선 TOP10 TR ETN
413930,WON AI ESG액티브
204210,스타에스엠리츠
281990,RISE 중소형고배당
442550,RISE TDF2030액티브
265690,ACE 러시아MSCI(합성)
001795,대한제당우
570085,한투 블룸버그 인도네시아 대표원자재 ETN
570063,한투 베트남 VN30 선물 ETN(H)
140580,RISE 우량업종대표주
463640,KODEX 미국S&P500유틸리티
0008E0,ACE 미국중심중소형제조업
145210,다이나믹디자인
0000H0,KODEX 인도Nifty미드캡100
0086C0,TIGER 리츠부동산인프라10채권혼합액티브
453010,PLUS KOFR금리
474920,에셋플러스 차이나일등기업포커스10액티브
472720,TRUSTON 주주가치액티브
482030,KoAct 반도체&2차전지핵심소재액티브
416090,ACE 중국과창판STAR50
292050,RISE KRX300
469160,ACE 일본반도체
494180,TIME 글로벌소비트렌드액티브
530123,삼성 일본니케이225선물 ETN(H)
228820,TIGER KTOP30
610040,메리츠 인버스 2X 미국채30년 ETN(H)
001515,SK증권우
520064,미래에셋 2X 미국채울트라30년 선물 ETN
0018Z0,RISE 미국양자컴퓨팅
332610,PLUS 미국단기회사채(AAA~A)
0113G0,KoAct 미국바이오헬스케어액티브
0013P0,RISE 미국은행TOP10
152550,한국ANKOR유전
404650,SOL KRX기후변화솔루션
371870,ACE 차이나항셍테크
301400,PLUS 코스닥150
500024,신한 인버스 콩 선물 ETN(H)
432840,HANARO 미국S&P500
610025,메리츠 인버스 2X 미국채10년 ETN(H)
530137,삼성 KRX 2차전지 TOP10 TR ETN
280320,ACE 미국IT인터넷(합성 H)
0094L0,RISE 차이나테크TOP10위클리타겟커버드콜
234310,RISE V&S셀렉트밸류
520085,미래에셋 -2X 미국 AI TOP3 ETN
483330,ACE 마이크로소프트밸류체인액티브
457700,KODEX 53-09 국고채액티브
580050,KB 차이나 과창판 STAR 50 ETN
570107,한투 인버스2X일본니케이225선물 ETN(H)
496130,TRUSTON 코리아밸류업액티브
354240,RISE 미국고정배당우선증권
131890,ACE 삼성그룹동일가중
266390,KODEX 경기소비재
0153P0,ACE 리츠부동산인프라액티브
610072,메리츠 KAP 레버리지 중국 위안화 ETN
570099,한투 S&P 인버스 2X 엔달러 선물 ETN(H)
700036,하나 인버스 2X 반도체 ETN
140910,에이리츠
530120,삼성 나스닥 100 TR ETN
290080,RISE 200고배당커버드콜ATM
451600,PLUS 국고채30년액티브
530095,삼성 구리 선물 ETN(H)
404540,TIGER KRX기후변화솔루션
419420,KODEX 미국클린에너지나스닥
487950,KODEX 대만테크고배당다우존스
530121,삼성 항셍테크 TR ETN(H) B
385710,TIME K이노베이션액티브
485810,TIME 글로벌바이오액티브
395760,PLUS ESG성장주액티브
520055,미래에셋 인버스 2X 코스피200 선물 ETN
452440,VITA 밸류알파액티브
0021C0,ACE 장기자산배분액티브
373490,KODEX 코리아혁신성장액티브
435040,ACE 글로벌브랜드TOP10
280920,PLUS 주도업종
610039,메리츠 인버스 미국채30년 ETN(H)
145995,삼양사우
580054,KB 인버스 2X 콩 선물 ETN
760015,키움 레버리지 바이오TOP10 ETN
453660,KODEX 미국S&P500경기소비재
550099,N2 레버리지 천연가스 선물 ETN
33637L,솔루스첨단소재2우B
610009,메리츠 인버스 국채30년 ETN
610080,메리츠 멕시코 페소화 ETN
269370,TIGER S&P글로벌인프라(합성)
0138D0,RISE 동학개미
176950,KODEX 국채선물10년인버스
0087F0,ACE 차이나AI빅테크TOP2+액티브
760020,키움 레버리지 리츠부동산인프라 ETN
465670,TIGER 미국캐시카우100
456250,KODEX 유럽명품TOP10 STOXX
760026,키움 레버리지 전력 TOP5 ETN
137610,TIGER 농산물선물Enhanced(H)
38380K,LX홀딩스1우
428560,KODEX 미국ETF산업Top10 Indxx
084695,대상홀딩스우
484890,SOL 머니마켓액티브
0127V0,KIWOOM 미국S&P500 TOP10&배당다우비중전환
310080,RISE 중국MSCI China(H)
610024,메리츠 인버스 미국채10년 ETN(H)
004255,NPC우
117690,TIGER 차이나항셍30
004105,태양금속우
411860,KIWOOM 독일DAX
285690,FOCUS ESG리더스
610089,메리츠 솔랙티브 -2X WTI원유 선물 ETN(H)
001755,한양증권우
326230,RISE 내수주플러스
244620,KODEX 모멘텀Plus
0127T0,KIWOOM 미국S&P500&배당다우존스비중전환
463690,KODEX 미국S&P500커뮤니케이션
760006,키움 KPOP ETN
610071,메리츠 KAP 중국 위안화 ETN
570114,한투 S&P500 VIX S/T선물 ETN(H) B
006345,대원전선우
251590,PLUS 고배당저변동50
114460,ACE 국고채3년
449680,TIGER 한중전기차(합성)
500097,신한 레버리지 Russell 2000 ETN B
001067,JW중외제약2우B
292770,KODEX 국채선물3년인버스
700033,하나 K방산TOP10 ETN
0120J0,BNK 카카오그룹포커스
487910,ACE 인도컨슈머파워액티브
395150,KODEX 웹툰&드라마
395280,HANARO Fn K-게임
530064,삼성 인버스 2X 구리 선물 ETN(H)
453060,HANARO KOFR금리액티브(합성)
003075,코오롱글로벌우
580069,KB S&P 인버스 2X WTI원유 선물 ETN B
500080,신한 S&P 레버리지 유로 선물 ETN(H)
610095,메리츠 2X 천연가스 선물 ETN(H)
700030,하나 S&P 인버스 2X WTI원유 선물 ETN B
500094,신한 블룸버그 인버스2X WTI원유선물 ETN B
261110,TIGER 미국달러선물레버리지
700031,하나 레버리지 천연가스 선물 ETN(H)
215620,HK S&P코리아로우볼
700014,하나 인버스 2X 콩 선물 ETN(H)
00806K,대덕1우
580032,KB 레버리지 구리 선물 ETN(H)
253280,RISE 헬스케어
451150,에셋플러스 글로벌영에이지액티브
500078,신한 S&P 유로 선물 ETN(H)
610074,메리츠 미국채10년 ETN
379790,RISE 유로스탁스50(H)
530132,삼성 블룸버그 WTI원유 선물 ETN B
0047N0,PLUS 차이나AI테크TOP10
760019,키움 리츠부동산인프라 ETN
610049,메리츠 국채5년 ETN
610087,메리츠 솔랙티브 WTI원유 선물 ETN(H)
610096,메리츠 -2X 천연가스 선물 ETN(H)
530127,삼성 미국다우존스 TR ETN
0093B0,RISE 엔비디아고정테크100
250780,TIGER 코스닥150선물인버스
700032,하나 인버스 2X 천연가스 선물 ETN(H)
580060,KB 레버리지 미국채 10년 ETN
610045,메리츠 국채3년 ETN
580059,KB 미국채 10년 ETN
430500,KIWOOM 물가채KIS
580019,KB 인버스 2X 항셍테크 선물 ETN
466810,BNK 2차전지양극재
0127R0,RISE 미국AI클라우드인프라
500028,신한 인버스 2X 다우존스지수 선물 ETN(H)
610020,메리츠 인버스 국채10년 ETN
610077,메리츠 미국채30년 ETN
610055,메리츠 3X 레버리지 국채3년 ETN
269530,PLUS S&P글로벌인프라
550100,N2 인버스 2X 천연가스 선물 ETN
105010,TIGER 라틴35
000225,유유제약1우
0102X0,ACE 유럽방산TOP10
610057,메리츠 3X 레버리지 국채5년 ETN
520046,미래에셋 레버리지 옥수수 선물 ETN
237440,TIGER 경기방어채권혼합
570096,한투 인버스 2X 일본 엔선물 ETN
610093,메리츠 인버스 3X 일본 국채 10년 ETN
580063,KB 레버리지 미국채 10년 선물 ETN
580051,KB 레버리지 밀 선물 ETN
500079,신한 S&P 인버스 유로 선물 ETN(H)
0120X0,유진 챔피언중단기크레딧 X클래스
610070,메리츠 KAP 인버스 2X 일본 엔화 ETN
580061,KB 미국채 30년 ETN
510016,대신 천연가스 선물 ETN(H)
610035,메리츠 레버리지 대표 농산물 선물 ETN(H)
610082,메리츠 인도 루피화 ETN
279540,KODEX 최소변동성
530114,삼성 인버스 2X S&P500 선물 ETN
174350,TIGER 로우볼
457930,BNK 미래전략기술액티브
480460,WON 한국부동산TOP3플러스
230480,KIWOOM 미국달러선물인버스2X
380340,ACE 코리아AI테크핵심산업
610059,메리츠 3X 레버리지 국채10년 ETN
0073X0,FOCUS 알리바바미국채커버드콜혼합
460270,KIWOOM 미국달러SOFR금리액티브(합성)
610030,메리츠 S&P 유럽탄소배출권 선물 ETN(H)
00781K,코리아써키트2우B
570074,한투 S&P 유럽탄소배출권 선물 ETN(H)
610083,메리츠 레버리지 인도 루피화 ETN
700035,하나 인버스 2X K방산TOP10 ETN
610051,메리츠 인버스 국채5년 ETN
610068,메리츠 KAP 일본 엔화 ETN
0002C0,에셋플러스 인도일등기업포커스20액티브
399580,RISE 글로벌클린에너지
0053M0,더제이 중소형포커스액티브
140570,RISE 수출주
610092,메리츠 인버스 일본 국채 10년 ETN
181480,ACE 미국부동산리츠(합성 H)
341850,TIGER 리츠부동산인프라채권
520084,미래에셋 -2X 미국 자율주행대표기업 ETN
307510,TIGER 의료기기
225800,KIWOOM 미국달러선물레버리지
0082F0,HANARO 유럽방산
139290,TIGER 200 경기소비재
375270,RISE 글로벌데이터센터리츠(합성)
227570,TIGER 우량가치
166400,TIGER 200커버드콜OTM
610056,메리츠 인버스 3X 국채3년 ETN
368680,KODEX K-뉴딜디지털플러스
610058,메리츠 인버스 3X 국채5년 ETN
001065,JW중외제약우
610084,메리츠 미국채30년 스트립 ETN(H)
580064,KB 인버스 2X 미국채 10년 선물 ETN
500081,신한 S&P 인버스 2X 유로 선물 ETN(H)
012205,계양전기우
580062,KB 레버리지 미국채 30년 ETN
004835,덕성우
483020,KIWOOM 의료AI
450180,KODEX 한중전기차(합성)
0004G0,1Q 미국배당TOP30
277650,TIGER 코스피중형주
487920,ACE 인도시장대표BIG5그룹액티브
494340,ACE 글로벌AI맞춤형반도체
433250,UNICORN R&D 액티브
225050,TIGER 유로스탁스레버리지(합성 H)
610060,메리츠 인버스 3X 국채10년 ETN
610090,메리츠 일본 국채 10년 ETN
435550,KIWOOM TDF2050액티브
570111,한투 3X레버리지미국채30년 ETN
451670,RISE 국채30년레버리지(합성)
429740,PLUS K리츠
500063,신한 인버스 코스닥 150 선물 ETN
291630,KIWOOM 코스닥150선물레버리지
489860,KIWOOM 글로벌전력GRID인프라
610086,메리츠 인버스2X 미국채30년 스트립 ETN(H)
270800,RISE KQ고배당
570094,한투 일본 엔선물 ETN C
0084D0,KIWOOM 미국테크100월간목표헤지액티브
488290,마이다스 일본테크액티브
570109,한투 레버리지미국채30년 ETN
227550,TIGER 200 산업재
550095,N2 레버리지 국채10년 ETN
520040,미래에셋 인버스 코스닥150 선물 ETN
0154H0,KoAct 차이나바이오헬스케어액티브
530141,삼성 중국 자동차 TOP5 TR ETN(H)
610094,메리츠 천연가스 선물 ETN(H)
497510,ACE 글로벌빅파마
760014,키움 바이오TOP10 ETN
580055,KB 블룸버그 레버리지 천연가스 선물 ETN
243890,TIGER 200에너지화학레버리지
530135,삼성 인버스 China A50 선물 ETN(H) B
381570,HANARO Fn친환경에너지
610076,메리츠 인버스 3X 미국채10년 ETN
0155N0,HANARO K휴머노이드테마TOP10
610091,메리츠 3X 레버리지 일본 국채 10년 ETN
497520,ACE 일라이릴리밸류체인
438740,마이다스 중소형액티브
700011,하나 레버리지 옥수수 선물 ETN(H)
0005C0,RISE 미국S&P500엔화노출(합성 H)
610079,메리츠 인버스 3X 미국채30년 ETN
530142,삼성 중국 AI 테크 TOP5 TR ETN(H)
429010,TIGER 미국나스닥넥스트100
0036Z0,RISE 미국천연가스밸류체인
390400,KODEX 미국스마트모빌리티S&P
391600,ACE 미국친환경그린테마
139240,TIGER 200 철강소재
494210,SOL 미국500타겟데일리커버드콜액티브
610034,메리츠 대표 농산물 선물 ETN(H)
004985,성신양회우
570101,한투 인버스 나스닥100 ETN B
462340,에셋플러스 글로벌다이나믹시니어액티브
0131A0,SOL 차이나소비트렌드
435540,KIWOOM TDF2040액티브
499150,SOL 미국S&P500엔화노출(H)
315270,TIGER 200커뮤니케이션서비스
429980,SOL 한국형글로벌전기차&2차전지액티브
500098,신한 인버스 2X Russell 2000 ETN B
217780,TIGER 차이나CSI300인버스(합성)
550096,N2 레버리지 국채30년 ETN
182490,TIGER 단기선진하이일드(합성 H)
291890,KODEX MSCI EM선물(H)
760010,키움 2차전지산업 ETN
570097,한투 S&P 엔달러 선물 ETN(H)
0132D0,KoAct 글로벌K컬처밸류체인액티브
760025,키움 전력 TOP5 ETN
580053,KB 레버리지 콩 선물 ETN
570108,한투 레버리지국채30년 ETN
000325,노루홀딩스우
488200,KIWOOM K-2차전지북미공급망
306530,HANARO 코스닥150선물레버리지
570095,한투 레버리지 일본 엔선물 ETN C
500061,신한 인버스 코스피 200 선물 ETN
610062,메리츠 인버스 3X 국채30년 ETN
520038,미래에셋 인버스 코스피200 선물 ETN
413220,SOL 차이나태양광CSI(합성)
244670,KODEX 밸류Plus
500036,신한 인버스 2X 미국달러 선물 ETN
488480,RISE 일본섹터TOP4Plus
402460,HANARO Fn K-메타버스MZ
580035,KB S&P 유럽탄소배출권 선물 ETN(H)
500068,신한 인버스 2X 10년 국채선물 ETN
0078V0,PLUS 미국로보택시
219900,ACE 중국본토CSI300레버리지(합성)
570092,한투 인버스 2X 유로스탁스50 ETN(H) B
610073,메리츠 KAP 인버스 2X 중국 위안화 ETN
435530,KIWOOM TDF2030액티브
500067,신한 레버리지 10년 국채선물 ETN
760027,키움 인버스 2X 전력 TOP5 ETN
395750,PLUS ESG가치주액티브
256450,PLUS 심천차이넥스트(합성)
334690,RISE 팔라듐선물(H)
550043,N2 인버스 레버리지 WTI원유 선물 ETN(H)
316300,ACE 싱가포르리츠
217770,TIGER 원유선물인버스(H)
189400,PLUS 글로벌MSCI(합성 H)
26490K,크라운제과우
570073,한투 인버스 2X 구리 선물 ETN
295000,RISE 국채선물10년
314700,HANARO 농업융복합산업
530096,삼성 인버스 구리 선물 ETN(H)
304670,KODEX 미국30년국채울트라선물인버스(H)
407300,HANARO Fn골프테마
437370,RISE 글로벌농업경제
456200,PLUS 미국달러SOFR금리액티브(합성)
760028,키움 인버스 2X 반도체TOP10 ETN
474390,SOL 국고채30년액티브
570091,한투 인버스 유로스탁스50 ETN(H) C
510043,대신 인버스 천연가스 선물 ETN(H) B
610023,메리츠 레버리지 미국채10년 ETN(H)
0015E0,KIWOOM 엔비디아미국30년국채혼합액티브(H)
530125,삼성 인버스 2X 일본니케이225선물 ETN(H)
570098,한투 S&P 레버리지 엔달러 선물 ETN(H)
570110,한투 3X레버리지국채30년 ETN
610067,메리츠 블룸버그 2X 천연가스선물 ETN(H) B
520069,미래에셋 -2X 홍콩H 선물 ETN(H)
580040,KB 인버스 2X KOSPI 200 선물 ETN
090355,노루페인트우
400590,SOL 글로벌탄소배출권선물ICE(합성)
530090,삼성 인버스 은 선물 ETN(H)
000545,흥국화재우
138920,KODEX 콩선물(H)
427120,RISE AI플랫폼
550070,N2 인버스 레버리지 구리 선물 ETN(H)
261920,ACE MSCI필리핀(합성)
610029,메리츠 인버스 2X 구리 선물 ETN(H)
570064,한투 인버스 베트남 VN30 선물 ETN(H)
550098,N2 인버스 2X 코스닥150 선물 ETN
476000,UNICORN 포스트IPO액티브
220130,SOL 차이나강소기업CSI500(합성 H)
469530,RISE 미국달러선물인버스
007575,일양약품우
530122,삼성 인버스 2X 항셍테크 TR ETN(H) B
225030,TIGER 미국S&P500선물인버스(H)
483030,KIWOOM 미국블록버스터바이오테크의약품+
289670,PLUS 국채선물10년
36328K,티와이홀딩스우
0114X0,RISE 글로벌게임테크TOP3Plus
530060,삼성 코스피 양매도 5% OTM ETN
432600,RISE 국채선물3년
000145,하이트진로홀딩스우
570056,한투 인버스 금 선물 ETN
490330,KoAct 미국치매&뇌질환치료제액티브
0128D0,PLUS 차이나항셍테크위클리타겟커버드콜
321410,KODEX 멀티에셋하이인컴(H)
244660,KODEX 퀄리티Plus
397420,RISE 국채선물5년추종
267450,RISE 미국장기국채선물인버스(H)
267440,RISE 미국장기국채선물(H)
476310,RISE 글로벌비만산업TOP2+
498610,RISE 인도디지털성장
570066,한투 인버스 2X 베트남 VN30 선물 ETN(H)
530056,삼성 인버스 2X 금 선물 ETN(H)
460280,KIWOOM Fn유전자혁신기술
400580,SOL 유럽탄소배출권선물S&P(H)
510027,대신 인버스 2X 코스닥 150 선물 ETN
401590,HANARO 글로벌탄소배출권선물ICE(합성)
226380,ACE Fn성장소비주도주
580044,KB 인버스 2X KOSDAQ 150 선물 ETN
227560,TIGER 200 생활소비재
0015K0,TIGER 미국소비트렌드액티브
252420,RISE 200선물인버스2X
500041,신한 인버스 2X 구리 선물 ETN
394350,KIWOOM 글로벌퓨처모빌리티
266550,PLUS 중형주저변동50
373790,KIWOOM 미국방어배당성장나스닥
205720,ACE 일본TOPIX인버스(합성 H)
005745,크라운해태홀딩스우
760024,키움 인버스 2X K방산 TOP5 ETN
0050E0,PLUS 미국AI에이전트
530094,삼성 인버스 코스닥 150 선물 ETN
014825,동원시스템즈우
0010E0,ACE FTSE WGBI Korea
005965,동부건설우
580017,KB 인버스 2X S&P 500 선물 ETN
009415,태영건설우
002995,금호건설우
014285,금강공업우
491630,RISE 미국반도체인버스(합성 H)
530084,삼성 인버스 금 선물 ETN(H)
008355,남선알미우
570023,한투 인버스 2X S&P500 선물 ETN(H)
488210,KIWOOM K-반도체북미공급망
267490,RISE 미국장기국채선물레버리지(합성 H)
004545,깨끗한나라우
238670,PLUS 스마트베타Quality채권혼합
530062,삼성 인버스 2X 은 선물 ETN(H)
145670,ACE 인버스
530092,삼성 인버스 코스피 200 선물 ETN
291680,RISE 차이나H선물인버스(H)
252410,RISE 200선물인버스
0079X0,ACE BYD밸류체인액티브
700025,하나 블룸버그 2X 천연가스 선물 ETN(H) B
470310,UNICORN 생성형AI강소기업액티브
454180,KIWOOM 차이나내수소비TOP CSI
570060,한투 인버스 2X 금 선물 ETN
000227,유유제약2우B
424460,HANARO 글로벌워터MSCI(합성)
426330,KIWOOM 미국ETF산업STOXX
011155,CJ씨푸드1우
280940,KODEX 골드선물인버스(H)
500051,신한 인버스 2X S&P500 선물 ETN
002785,진흥기업우B
580033,KB 인버스 2X 구리 선물 ETN(H)
001525,동양우
004415,서울식품우
610013,메리츠 인버스 2X 금 선물 ETN(H)
570058,한투 인버스 은 선물 ETN
014915,성문전자우
001527,동양2우B
550063,N2 인버스 레버리지 금 선물 ETN(H)
489010,PLUS 글로벌AI인프라
441330,KIWOOM 차이나A50커넥트MSCI
253230,KIWOOM 200선물인버스2X
002787,진흥기업2우B
253160,PLUS 200선물인버스2X
412560,TIGER BBIG레버리지
465620,ACE 미국빅테크TOP7 Plus인버스(합성)
291620,KIWOOM 코스닥150선물인버스
253240,KIWOOM 200선물인버스
700018,하나 인버스 2X 코스닥150 선물 ETN
472350,1Q 차이나H(H)
334700,RISE 팔라듐선물인버스(H)
275750,RISE 코스닥150선물인버스
500030,신한 인버스 2X 은 선물 ETN(H)
580023,KB 인버스 2X 금 선물 ETN(H)
500070,신한 인버스 2X 코스피 200 선물 ETN
306520,HANARO 200선물인버스
570070,한투 인버스 2X 플래티넘 선물 ETN
301410,PLUS 코스닥150선물인버스
500038,신한 인버스 2X 금 선물 ETN
